position,post_id,post_by,post_text,post_published,comment_id,comment_by,is_reply,comment_message,comment_published,comment_like_count,attachment_type,attachment_url
44_0,866108446820339_2197956433635527,0ed9a2d6062341709e0bfc2b828b630d0099ceb0,Natasha Bird  an editor at fashion magazine Elle  stated  I think the worst dressed lists concept had gone on for too long... I think most of us have recognised that speaking negatively about the way a woman wants to dress herself just doesn t do anything positive for women in society  or in general. ,2019-05-14T09:25:13+0000,2197956433635527_2197991536965350,da39a3ee5e6b4b0d3255bfef95601890afd80709,0,She looks AMAZING ğŸ¤·ğŸ»,2019-05-14T09:59:18+0000,6,,
44_1,866108446820339_2197956433635527,0ed9a2d6062341709e0bfc2b828b630d0099ceb0,Natasha Bird  an editor at fashion magazine Elle  stated  I think the worst dressed lists concept had gone on for too long... I think most of us have recognised that speaking negatively about the way a woman wants to dress herself just doesn t do anything positive for women in society  or in general. ,2019-05-14T09:25:13+0000,2197956433635527_2197992953631875,da39a3ee5e6b4b0d3255bfef95601890afd80709,0,She looks completely adorable so I do not understand what they are talking about,2019-05-14T10:00:40+0000,5,,
50_1,866108446820339_2188689924562178,0ed9a2d6062341709e0bfc2b828b630d0099ceb0,#HeroOfTheWeek is Halima Aden. Halima is the first hijab-wearing model to walk international runways & to be signed to a major label AND last week became the first woman to wear a hijab & burkini on the cover of Sports Illustrated. Talk about smashing down all those barriers ğŸ™Œ https://www.bbc.co.uk/news/48071948,2019-05-08T12:07:11+0000,2188689924562178_2188783897886114,da39a3ee5e6b4b0d3255bfef95601890afd80709,1,"It's a woman taking pride in her image and empowering herself, and many, many other women that wear hijabs. That goes a level or two above general objectification.  She's inspiring for many.",2019-05-08T13:23:19+0000,4,,
44_2,866108446820339_2197956433635527,0ed9a2d6062341709e0bfc2b828b630d0099ceb0,Natasha Bird  an editor at fashion magazine Elle  stated  I think the worst dressed lists concept had gone on for too long... I think most of us have recognised that speaking negatively about the way a woman wants to dress herself just doesn t do anything positive for women in society  or in general. ,2019-05-14T09:25:13+0000,2197956433635527_2198020823629088,da39a3ee5e6b4b0d3255bfef95601890afd80709,0,Beautiful...inside and out...donâ€™t pay any attention to the â€˜negativityâ€™ sad lives to be honest...â¤ï¸ğŸ’ªğŸ¼ğŸ‘ğŸ»,2019-05-14T10:26:06+0000,2,,
50_0,866108446820339_2188689924562178,0ed9a2d6062341709e0bfc2b828b630d0099ceb0,#HeroOfTheWeek is Halima Aden. Halima is the first hijab-wearing model to walk international runways & to be signed to a major label AND last week became the first woman to wear a hijab & burkini on the cover of Sports Illustrated. Talk about smashing down all those barriers ğŸ™Œ https://www.bbc.co.uk/news/48071948,2019-05-08T12:07:11+0000,2188689924562178_2188813561216481,da39a3ee5e6b4b0d3255bfef95601890afd80709,0,How is she a hero? Posing for a magazine known for its objectification of women while wearing clothing based on a sexist patriarchal oppressive tradition.  Seriously?,2019-05-08T13:46:40+0000,2,,
50_9,866108446820339_2188689924562178,0ed9a2d6062341709e0bfc2b828b630d0099ceb0,#HeroOfTheWeek is Halima Aden. Halima is the first hijab-wearing model to walk international runways & to be signed to a major label AND last week became the first woman to wear a hijab & burkini on the cover of Sports Illustrated. Talk about smashing down all those barriers ğŸ™Œ https://www.bbc.co.uk/news/48071948,2019-05-08T12:07:11+0000,2188689924562178_2188755717888932,da39a3ee5e6b4b0d3255bfef95601890afd80709,0,Definitely not smashing down barriers - this is just more objectification - just more diverse objectification,2019-05-08T13:00:47+0000,2,,
1_2,866108446820339_2274231052674731,0ed9a2d6062341709e0bfc2b828b630d0099ceb0, Stop wearing your body like an apology.  We â¤ï¸ from @BBC The Social,2019-06-29T12:00:03+0000,2274231052674731_2275806709183832,da39a3ee5e6b4b0d3255bfef95601890afd80709,0,Tammy LeBoeuf Sanguinetti,2019-06-29T15:47:47+0000,1,,
9_0,866108446820339_2254866034611233,0ed9a2d6062341709e0bfc2b828b630d0099ceb0,How is it 2019 and this STILL needs to be said?,2019-06-17T14:08:19+0000,2254866034611233_2254887287942441,da39a3ee5e6b4b0d3255bfef95601890afd80709,0,"Because, unfortunately, there are still those who have a narrow view of this and want the rest of us to live by their rules.  ğŸ˜",2019-06-17T14:22:48+0000,1,,
22_1,866108446820339_2235438409887329,0ed9a2d6062341709e0bfc2b828b630d0099ceb0,For anyone who ever asks   Why is there no straight pride? ,2019-06-06T09:48:16+0000,2235438409887329_2236205809810589,da39a3ee5e6b4b0d3255bfef95601890afd80709,0,Eric Siva Jothy Rosie Lukeywood Seth Harmon Joseph Stephenson,2019-06-06T18:57:28+0000,1,,
24_0,866108446820339_2230263617071475,0ed9a2d6062341709e0bfc2b828b630d0099ceb0,,2019-06-03T10:36:03+0000,2230263617071475_2230987583665745,da39a3ee5e6b4b0d3255bfef95601890afd80709,0,Or qi gong,2019-06-03T19:07:09+0000,1,,
25_0,866108446820339_2226658944098609,0ed9a2d6062341709e0bfc2b828b630d0099ceb0, Having anxiety is probably one of the most lonely  most isolating things to have because you are your own worst enemy and you live inside your head...  All the â¤ï¸ to Nadiya Hussain for being so incredibly open about her experiences. Hopefully her honesty will help any of you who are struggling,2019-06-01T13:00:51+0000,2226658944098609_2229390010492169,da39a3ee5e6b4b0d3255bfef95601890afd80709,0,Nadiya I watched you with my daughter talk about anxiety and the bullying you suffered at school.  Youâ€™re an inspiration to all of us. My daughter also suffers from anxiety and people like you spreading the word make it more acceptable. Thank you,2019-06-02T22:26:06+0000,1,,
31_2,866108446820339_2212251028872734,0ed9a2d6062341709e0bfc2b828b630d0099ceb0,Just can t help being too fab for you ğŸ’… Tag your most fabulous friend.  Illustration by Taynee,2019-05-23T17:00:01+0000,2212251028872734_2212972218800615,da39a3ee5e6b4b0d3255bfef95601890afd80709,0,Miriam Shewry,2019-05-23T19:17:28+0000,1,,
37_0,866108446820339_2205039156260588,0ed9a2d6062341709e0bfc2b828b630d0099ceb0,Meet London Pride s first Muslim transgender host Asifa Lahore ğŸ˜,2019-05-19T16:00:29+0000,2205039156260588_2206567989441038,da39a3ee5e6b4b0d3255bfef95601890afd80709,0,She is fab!,2019-05-19T17:04:16+0000,1,,
39_3,866108446820339_2201720813259089,0ed9a2d6062341709e0bfc2b828b630d0099ceb0,Anxiety is different for all of us. But sitting down and talking about it usually helps so if you re feeling anxious for whatever reason  why not try to find someone to speak to over a cuppa - it might be a slight relief. If you need more support head to www.bbc.co.uk/actionline â¤ï¸ Illustration by Gemma Correll,2019-05-16T16:27:04+0000,2201720813259089_2201849156579588,da39a3ee5e6b4b0d3255bfef95601890afd80709,0,James Hanton,2019-05-16T18:14:04+0000,1,,
42_0,866108446820339_2199762110121626,0ed9a2d6062341709e0bfc2b828b630d0099ceb0, Why do we love Lizzo? So many reasons but mainly because she always uses her position to spread a beautiful message of self-love like this;   Dear big girls  your body is high fashion. You are beautiful. You are worthy.   Keep #slaying ğŸ˜ ,2019-05-15T13:09:54+0000,2199762110121626_2200443370053500,da39a3ee5e6b4b0d3255bfef95601890afd80709,0,Plus some awesome tunes!,2019-05-15T22:03:46+0000,1,,
42_1,866108446820339_2199762110121626,0ed9a2d6062341709e0bfc2b828b630d0099ceb0, Why do we love Lizzo? So many reasons but mainly because she always uses her position to spread a beautiful message of self-love like this;   Dear big girls  your body is high fashion. You are beautiful. You are worthy.   Keep #slaying ğŸ˜ ,2019-05-15T13:09:54+0000,2199762110121626_2200602660037571,da39a3ee5e6b4b0d3255bfef95601890afd80709,0,,2019-05-16T00:16:58+0000,1,animated_image_share,https://l.facebook.com/l.php?u=https%3A%2F%2Fmedia1.giphy.com%2Fmedia%2FXbxZ41fWLeRECPsGIJ%2Fgiphy.gif%3Fcid%3D120c01475cdca9ea42385a445550727f%26rid%3Dgiphy.gif&h=AT0zA2lxDMYIcHh_TSwPd8QCxiPvKiohLdWPdoL7Jqqrzal2uScKLbUdHMme-6bgrmFSI_Q80kA-WZkgjEK4A4knpJrcZL7BqRNvcWYc0Xt4-_R-Rqcb0ErKzI-aAdHb&s=1
44_4,866108446820339_2197956433635527,0ed9a2d6062341709e0bfc2b828b630d0099ceb0,Natasha Bird  an editor at fashion magazine Elle  stated  I think the worst dressed lists concept had gone on for too long... I think most of us have recognised that speaking negatively about the way a woman wants to dress herself just doesn t do anything positive for women in society  or in general. ,2019-05-14T09:25:13+0000,2197956433635527_2198200283611142,da39a3ee5e6b4b0d3255bfef95601890afd80709,0,She is so pretty and amazing actress,2019-05-14T12:56:25+0000,1,,
44_5,866108446820339_2197956433635527,0ed9a2d6062341709e0bfc2b828b630d0099ceb0,Natasha Bird  an editor at fashion magazine Elle  stated  I think the worst dressed lists concept had gone on for too long... I think most of us have recognised that speaking negatively about the way a woman wants to dress herself just doesn t do anything positive for women in society  or in general. ,2019-05-14T09:25:13+0000,2197956433635527_2199615110136326,da39a3ee5e6b4b0d3255bfef95601890afd80709,1,shes 32?!?!?!,2019-05-15T11:10:22+0000,1,,
46_0,866108446820339_2196599063771264,0ed9a2d6062341709e0bfc2b828b630d0099ceb0, I m telling my story to try and inspire people to try and find confidence within themselves  to love themselves...   Why this policewoman takes part in beauty pageants.,2019-05-13T12:39:08+0000,2196599063771264_2197969760300861,da39a3ee5e6b4b0d3255bfef95601890afd80709,0,You are so beautiful. My God! ğŸ˜,2019-05-14T09:38:37+0000,1,,
50_3,866108446820339_2188689924562178,0ed9a2d6062341709e0bfc2b828b630d0099ceb0,#HeroOfTheWeek is Halima Aden. Halima is the first hijab-wearing model to walk international runways & to be signed to a major label AND last week became the first woman to wear a hijab & burkini on the cover of Sports Illustrated. Talk about smashing down all those barriers ğŸ™Œ https://www.bbc.co.uk/news/48071948,2019-05-08T12:07:11+0000,2188689924562178_2189008464530324,da39a3ee5e6b4b0d3255bfef95601890afd80709,1,You don't have to.,2019-05-08T16:26:48+0000,1,,
50_10,866108446820339_2188689924562178,0ed9a2d6062341709e0bfc2b828b630d0099ceb0,#HeroOfTheWeek is Halima Aden. Halima is the first hijab-wearing model to walk international runways & to be signed to a major label AND last week became the first woman to wear a hijab & burkini on the cover of Sports Illustrated. Talk about smashing down all those barriers ğŸ™Œ https://www.bbc.co.uk/news/48071948,2019-05-08T12:07:11+0000,2188689924562178_2189188767845627,da39a3ee5e6b4b0d3255bfef95601890afd80709,1,,2019-05-08T19:08:50+0000,1,,
53_0,866108446820339_2179701005461070,0ed9a2d6062341709e0bfc2b828b630d0099ceb0,Pssst! We ve got something exciting to tell you ğŸ‰ Next Monday we re launching our Body Positive 30 Day #MentalWellnessChallenge  for anyone who wants to improve their wellbeing. The challenge takes place over 5 weeks and will be led by Dr Zoe Williams with Gina Martin taking the daily challenges Dr Zoe will be setting. Gina is the writer-turned-activist who led a successful campaign to make upskirt photos illegal after she became a victim to the offence at a music festival.  Having spent most of 2018 embroiled in the campaign and with a busy 2019 ahead  we follow Gina as she checks in with herself for some all-important â€œme timeâ€. â¤ï¸ We re SO excited and so happy we can finally share this news with you all.  Keep your ğŸ‘€ on us for ways that you can get involved ğŸ™Œ,2019-05-03T07:30:01+0000,2179701005461070_2196856403745530,da39a3ee5e6b4b0d3255bfef95601890afd80709,1,Thought it had some good ideas you could try yourself.,2019-05-13T15:50:36+0000,1,,
53_1,866108446820339_2179701005461070,0ed9a2d6062341709e0bfc2b828b630d0099ceb0,Pssst! We ve got something exciting to tell you ğŸ‰ Next Monday we re launching our Body Positive 30 Day #MentalWellnessChallenge  for anyone who wants to improve their wellbeing. The challenge takes place over 5 weeks and will be led by Dr Zoe Williams with Gina Martin taking the daily challenges Dr Zoe will be setting. Gina is the writer-turned-activist who led a successful campaign to make upskirt photos illegal after she became a victim to the offence at a music festival.  Having spent most of 2018 embroiled in the campaign and with a busy 2019 ahead  we follow Gina as she checks in with herself for some all-important â€œme timeâ€. â¤ï¸ We re SO excited and so happy we can finally share this news with you all.  Keep your ğŸ‘€ on us for ways that you can get involved ğŸ™Œ,2019-05-03T07:30:01+0000,2179701005461070_2196855537078950,da39a3ee5e6b4b0d3255bfef95601890afd80709,0,Bev it's already in week 2 and it's literally just posts online,2019-05-13T15:49:54+0000,1,,
53_2,866108446820339_2179701005461070,0ed9a2d6062341709e0bfc2b828b630d0099ceb0,Pssst! We ve got something exciting to tell you ğŸ‰ Next Monday we re launching our Body Positive 30 Day #MentalWellnessChallenge  for anyone who wants to improve their wellbeing. The challenge takes place over 5 weeks and will be led by Dr Zoe Williams with Gina Martin taking the daily challenges Dr Zoe will be setting. Gina is the writer-turned-activist who led a successful campaign to make upskirt photos illegal after she became a victim to the offence at a music festival.  Having spent most of 2018 embroiled in the campaign and with a busy 2019 ahead  we follow Gina as she checks in with herself for some all-important â€œme timeâ€. â¤ï¸ We re SO excited and so happy we can finally share this news with you all.  Keep your ğŸ‘€ on us for ways that you can get involved ğŸ™Œ,2019-05-03T07:30:01+0000,2179701005461070_2196749127089591,da39a3ee5e6b4b0d3255bfef95601890afd80709,0,Hannah Wilson worth a look?,2019-05-13T14:30:52+0000,1,,
55_1,866108446820339_2179142015516969,0ed9a2d6062341709e0bfc2b828b630d0099ceb0,The skinny jean struggle is REAL ğŸ˜‚ Way more exhausting than cardio any day. Who knows what we re talking about? Illustration byGemma Correll,2019-05-02T09:08:49+0000,2179142015516969_2180143402083497,da39a3ee5e6b4b0d3255bfef95601890afd80709,0,Donâ€™t forget skinny jean sit ups-you have to lay back on the bed and sit up to check and make sure youâ€™re buttoned and zipped ğŸ˜œ,2019-05-02T23:34:30+0000,1,,
1_0,866108446820339_2274231052674731,0ed9a2d6062341709e0bfc2b828b630d0099ceb0, Stop wearing your body like an apology.  We â¤ï¸ from @BBC The Social,2019-06-29T12:00:03+0000,2274231052674731_2276924549072048,da39a3ee5e6b4b0d3255bfef95601890afd80709,0,ğŸ’“,2019-06-30T08:32:16+0000,0,,
1_1,866108446820339_2274231052674731,0ed9a2d6062341709e0bfc2b828b630d0099ceb0, Stop wearing your body like an apology.  We â¤ï¸ from @BBC The Social,2019-06-29T12:00:03+0000,2274231052674731_2275806892517147,da39a3ee5e6b4b0d3255bfef95601890afd80709,0,Angela Pirie,2019-06-29T15:47:53+0000,0,,
1_3,866108446820339_2274231052674731,0ed9a2d6062341709e0bfc2b828b630d0099ceb0, Stop wearing your body like an apology.  We â¤ï¸ from @BBC The Social,2019-06-29T12:00:03+0000,2274231052674731_2275860399178463,da39a3ee5e6b4b0d3255bfef95601890afd80709,1,Jay-Bee Are  Wow ğŸ˜¯ğŸ™ŒğŸ¼,2019-06-29T16:27:45+0000,0,,
1_4,866108446820339_2274231052674731,0ed9a2d6062341709e0bfc2b828b630d0099ceb0, Stop wearing your body like an apology.  We â¤ï¸ from @BBC The Social,2019-06-29T12:00:03+0000,2274231052674731_2275807395850430,da39a3ee5e6b4b0d3255bfef95601890afd80709,0,Linda,2019-06-29T15:48:13+0000,0,,
1_5,866108446820339_2274231052674731,0ed9a2d6062341709e0bfc2b828b630d0099ceb0, Stop wearing your body like an apology.  We â¤ï¸ from @BBC The Social,2019-06-29T12:00:03+0000,2274231052674731_2275806645850505,da39a3ee5e6b4b0d3255bfef95601890afd80709,0,Robyn Bobby McGregor,2019-06-29T15:47:42+0000,0,,
1_6,866108446820339_2274231052674731,0ed9a2d6062341709e0bfc2b828b630d0099ceb0, Stop wearing your body like an apology.  We â¤ï¸ from @BBC The Social,2019-06-29T12:00:03+0000,2274231052674731_2275522139212289,da39a3ee5e6b4b0d3255bfef95601890afd80709,0,- ì„¸ìƒì€ ë‹¨ìˆ˜ì ì´ ì•„ë‹ˆë¼ ë³µìˆ˜ì ìœ¼ë¡œ ëŒì•„ê°„ë‹¤ -  ì„¸ìƒì„ ì‚´ì•„ê°€ë©´ì„œ ìˆ˜ë§ì€ ì‚¬ëŒë“¤ì˜ ë§ˆìŒì„ ì˜ ì‚´í´ë³´ë©´ ì—¬ëŸ¬ê°€ì§€ ì—¬ê±´ì— ë”°ë¼ ì´ëŸ°ì‚¬ëŒ ì €ëŸ°ì‚¬ëŒ ê°ê¸° ë‹¤ë¥´ê²Œ ì—¬ëŸ¬ê°€ì§€ ìœ í˜•ìœ¼ë¡œ ë‚˜íƒ€ë‚  ìˆ˜ ìˆìœ¼ë‚˜ ê·¸ë˜ë„ ëŒ€ë¶€ë¶„ì˜ ì‚¬ëŒë“¤ì—ì„œ ë‚˜íƒ€ë‚˜ê³  ìˆëŠ” í˜„ìƒë“¤ì„ í¬ê´„ì ìœ¼ë¡œ ì‚´í´ë³´ë©´ ê±°ì˜ ëª¨ë‘ê°€ ë”°ëœ»í•˜ê³  ë¶€ë“œëŸ¬ìš´ ì˜¨í™”í•œ ë§ˆìŒì—ì„œ í•­ìƒ ì˜¬ë°”ë¥¸ ë§ˆìŒì´ ê·¸ ì¤‘ì‹¬ì— ì„œê¸°ë¥¼ ì›í•˜ëŠ” ë°©í–¥ìœ¼ë¡œ ì‚´ì•„ê°€ë ¤ëŠ” ëª¨ìŠµë“¤ì„ ë³¼ ìˆ˜ê°€ ìˆëŠ” ê²ƒì´ë‹¤.  ì´ë¥¼ ì¢€ ë” ì‚´í´ë³´ë©´ ì„¸ìƒì˜ ê±°ì˜ ëª¨ë“  ì‚¬ëŒë“¤ì´ ìì‹ ê³¼ì˜ ì „í˜€ ë‹¤ë¥¸ ë§ˆìŒê³¼ í¬ê²Œ ì¶©ëŒ í•˜ê¸°ë¥¼ ì‹«ì–´í•˜ê³  í•­ìƒ ì˜¨ìˆœí•˜ê³  ìˆœë¦¬ì ì¸ ì‚¬ëŒë“¤ì„ ì¢‹ì•„í•˜ë©° ë³´ë‹¤ ë” ë“œë„“ì€ ìì—°ì¹œí™”ì ì¸ ë§ˆìŒì—ì„œ ë…¼ë¦¬ì ìœ¼ë¡œ ì‚¬ë¬¼ ë³´ê¸°ë¥¼ ì¢‹ì•„í•˜ë©° ëŠ˜ ì •ì´ ë§ì•„ ëª¨ë“  ì‚¬ëŒë“¤ì—ê²Œ ìˆ˜ì‹œë¡œ ë² í’€ê³  ë‚˜ëˆ„ë©° ë‚¨ì˜ ì¸¡ì€í•¨ì„ ë‹¬ë˜ì£¼ê³  ê°‡íŒ ë§ˆìŒì„ ì—´ì–´ì£¼ê³  í•˜ëŠ” ê²ƒì„ ì¢‹ì•„í•˜ëŠ” ì‚¬ëŒë“¤ì´ ë§ì€ ê²ƒì´ ì‚¬ì‹¤ì´ë‹¤.   ë˜í•œ ì´ ì„¸ìƒì´ ì•„ë¬´ë¦¬ ì‚­ë§‰í•˜ê³  ê°ë°•í•˜ë‹¤ í•˜ë”ë¼ë„ ê·¼ë³¸ì ì¸ ì¸ê°„ì˜ ë³¸ì„±ì—ì„œ ìš¸ì–´ë‚˜ì˜¤ëŠ” ìƒíƒœì—ì„œ ë‚¨ì˜ ê¸°ìœ ë§ˆìŒê³¼ í•¨ê»˜í•˜ê³  ì‹¶ê³  ìŠ¬í”ˆ ë§ˆìŒì„ í’€ì–´ì£¼ê³  ì‹¶ê³  ì£¼ë¦„ì§„ ë§ˆìŒì„ í’€ì–´ì£¼ê³  ì‹¶ê³  ë‚¨ì˜ ì¡°ì—¬ì§€ëŠ” ë§ˆìŒì„ í¼ì³ì£¼ê³  ì‹¶ê³  ë‚¨ì˜ ìƒí•œ ë§ˆìŒì„ ì”»ì–´ì£¼ê³  ì‹¶ê³  ë‚¨ì˜ ì›€ì¶”ë¦° ë§ˆìŒì„ í¼ì³ì£¼ê³  ì‹¶ê³  ë‚¨ì˜ ì¢ì€ ë§ˆìŒì„ ë„“í˜€ì£¼ê³  ì‹¶ê³  ë‚¨ì˜ ë¬´ê±°ìš´ ë§ˆìŒì„ ëœì–´ì£¼ê³  ì‹¶ì€ ê²ƒì´ í•­ìƒ ê·¸ ë³¸ì‹¬ì— ìë¦¬í•˜ëŠ” ê²ƒì´ ì‚¬ì‹¤ì¸ ê²ƒì´ë‹¤.   ê·¸ëŸ¬ë‚˜ ìœ ì˜í•  ê²ƒì€ ê°‘ì‘ìŠ¤ëŸ½ê²Œ ë³„ë‹¤ë¥¸ ì´ìœ ì—†ì´ ë‹¹í•˜ëŠ” ì–µìš¸í•¨ì´ë‚˜ ê°‘ìê¸° ë‹¹í•˜ëŠ” ë¬´ë¡€í•¨ì´ë‚˜ ì˜¬ë°”ë¥´ì§€ ì•Šì€ íƒ€ì˜ íƒìš•ì— ë°€ë¦¬ê³  í™”ëƒ„ì— ë°€ë¦¬ê³  ì–´ë¦¬ì„ìŒì— ë°€ë¦¬ê³  êµë§Œí•¨ì— ë°€ë¦¬ê³  ì˜ì‹¬ìœ¼ë¡œ ë°€ë¦¬ê³  í˜ì— ë°€ë¦¬ê³  ë°°ì›€ì— ë°€ë¦¬ê³  ì¸¡ê·¼ì— ë°€ë¦°ë‹¤ í•˜ë”ë¼ë„ ìƒë‹¹ê¸°ê°„ì€ ê·¸ ì–µìš¸í•œ ë§ˆìŒì„ ì´ë ‡ê²Œ ì €ë ‡ê²Œ ì˜ ì‚­í˜€ê°€ë©° ë¬µë¬µíˆ ì°¸ì•„ë‚´ëŠ” ì‚¬ëŒë“¤ì´ ë§ë‹¤ëŠ” ê²ƒì„ êµí›ˆì‚¼ì•„ ì´ë¥¼ ì ˆëŒ€ë¡œ ìŠì–´ì„œëŠ” ì•„ë‹ˆë˜ëŠ” ê²ƒì´ë‹¤.  ê·¸ëŸ¬ë‚˜ ë” ì¤‘ìš”í•œ ê²ƒì€ ê·¸ ì•…ì˜ì ì¸ íšŸìˆ˜ê°€ ë¬´ë¡€í•  ì •ë„ë¡œ ëŠ˜ì–´ë‚˜ë©´ ê·¸ ì˜¨ìˆœí•˜ê³  ì˜¨í™”í•œ ë§ˆìŒë“¤ì´ ê°‘ìê¸° ì‚¬ìì˜ ë§ˆìŒìœ¼ë¡œ ìƒìƒí•˜ê¸° ì–´ë ¤ìš¸ ì •ë„ë¡œ í¬ê²Œ í­ë°œí•˜ê³  ë³€í™”í•˜ì—¬ ì ˆëŒ€ë¡œ ìš©ì„œí•˜ì§€ ì•Šì„ ìˆ˜ë„ ìˆë‹¤ëŠ” ì‚¬ì‹¤ë“¤ì„ ì•Œì•„ì•¼ í•˜ëŠ” ê²ƒì´ë‹¤. ì˜ˆë¡œë¶€í„° ì§€ê¸ˆì— ì´ë¥´ë„ë¡ ì´ ì‚¬íšŒì— íŒ½ë°°ë˜ì–´ ìˆëŠ” ì´ëŸ¬í•œ ì‚¬ëŒë“¤ì˜ ë¶€ë¥˜ê°€ ì—¬ëŸ¬ê°€ì§€ë¡œ ë¹„ìƒì‹ì ì´ê³  ì•…ì˜ì ì¸ ì‚¬ëŒë“¤ì˜ ìˆ«ìì— ë¹„í•˜ì—¬ í•­ìƒ ê·¸ ìš°ìœ„ì— ìˆë„ë¡ ìˆ«ìê°€ ë” ë§ìœ¼ë¯€ë¡œ ì´ ì‚¬íšŒê°€ ê°‘ìê¸° ì •ì§€ë˜ì§€ ì•Šê³  ëŒì•„ê°€ëŠ” ê²ƒì„ ì•Œì•„ì•¼ í•˜ëŠ” ê²ƒì´ë‹¤.   ì—¬ê¸°ì—ì„œ ì œì¼ ì¤‘ìš”í•œ ê²ƒì€ ì„¸ìƒì˜ ëª¨ë“  ì‚¬ëŒë“¤ì€ ì •ì¹˜ ê²½ì œ ì‚¬íšŒ ë¬¸í™” ë“± ëª¨ë“  ë©´ì—ì„œì˜ ê²Œì¸ê°„ì´ë‚˜ ì§‘ë‹¨ì  ê´€ê³„ì—ì„œì˜ ì¸ê°„ ê´€ê³„ì— ëŒ€í•˜ì—¬ ìœ„ì—ì„œ ë§í•˜ëŠ” ì—¬ëŸ¬ê°€ì§€ ì‚¬ì•ˆë“¤ì„ ê³ ë ¤í•˜ì—¬ ì´ë¥¼ ì¢€ ë” ì„¸ì‹¬í•˜ê²Œ ì˜ ê´€ì°°í•´ ë´„ì´ í•„ìš”í•œ ê²ƒì´ë‹¤. ê³§ ë§ì—†ì´ ëª¨ë“  ë¬´ë¡€í•¨ì„ ì°¸ê³  ê²¬ë””ë©° ë„ˆê·¸ëŸ¬ìš´ ë§ˆìŒìœ¼ë¡œ ì§€ì¼œë³´ê³  ìˆëŠ” ì‚¬ëŒë“¤ì´ ë” ë§ë‹¤ëŠ” ì‚¬ì‹¤ë“¤ì„ ì ˆëŒ€ë¡œ ìŠì–´ì„œëŠ” ì•„ë‹ˆë˜ëŠ” ê²ƒì´ë‹¤.  ë™ë°© æ±æ–¹ì˜ ì˜¨í™”ì„¸ìƒ æº«å’Œä¸–ä¸Š ì´ì¸ì„­ ï§¡å¯…ç‡® Lee In Seop.,2019-06-29T12:17:48+0000,0,,
2_0,866108446820339_2273594526071717,0ed9a2d6062341709e0bfc2b828b630d0099ceb0, When I saw the statistics come in last week for Scottish suicide rates  I just thought  you know what? Let s make a sort of preventative group....   It always seems to be after the fact that things are done... but preventative care is always better than later on  isn t it? ,2019-06-28T08:46:14+0000,2273594526071717_2275599652537871,da39a3ee5e6b4b0d3255bfef95601890afd80709,0,"* ìœ ì—”ì„ ë¹„ë¡¯í•œ ì„¸ê³„ì§€ë„ì ì—¬ëŸ¬ë¶„ì—ê²Œ ì˜¬ë¦½ë‹ˆë‹¤.*  ì„¸ê³„ì¸ ì—¬ëŸ¬ë¶„ !  ì´ì œ ì‘ì€ í‹€ì—ì„œ ë²—ì–´ë‚©ì‹œë‹¤.  ì„¸ê³„ì¸ ì—¬ëŸ¬ë¶„ !  21ì„¸ê¸°ëŠ” ì´ ì§€êµ¬ì´Œ ì„¸ê³„í‰í™”ì˜ ì›ì„¸ê¸° ì…ë‹ˆë‹¤. ìš°ë¦¬ ì¸ë¥˜ëŠ” ìš°ì£¼ íƒœë™ì—ì„œì˜ ìƒˆë¡œìš´ ì£¼ê¸°ë¡œ ì´ë¯¸ í–‰ìš´ì˜ ì„¸ê¸°ê°€ ë‹¤ê°€ì™€ ìˆë‹¤ëŠ” ì‚¬ì‹¤ì„ ì§ì‹œí•´ì•¼ í•©ë‹ˆë‹¤. ì´ì œ ì§„ì‹¤ë¡œ ì§„ì‹¤ë¡œ ì„¸ê³„ì¸ì˜ ëŒ€ëŒ€ì ì¸ ì°¸ì¸ì„± íšŒë³µìš´ë™ìœ¼ë¡œ ë§Œë¬¼ì˜ ì˜ì¥ë‹¤ìš´ ì„¸ê³„í‰í™”ë¥¼ ì™„ì„±í•´ì•¼ í•©ë‹ˆë‹¤. ì´ì— ì¸ë¥˜ì˜ ê³µì¡´ ê³µì˜ì„ ìœ„í•œ ìƒìƒì˜ ê½ƒì„ í”¼ì›Œì•¼ í•©ë‹ˆë‹¤. ì´ì— ì„¸ê³„ëŠ” ìœ ì—”ì„ ì¤‘ì‹¬ìœ¼ë¡œ ì •ì¹˜ ê²½ì œ ì‚¬íšŒ ë¬¸í™”ë¥¼ ì•„ìš°ë¥´ëŠ” ê° ë‚˜ë¼ê°„ì˜ ì„œë¡œ ì„œë¡œ í‰í™”ì  í˜‘ë ¥ë™ë°˜ìê´€ê³„ë¥¼ êµ¬ì¶•í•˜ê³  ì´ì–´ì„œ ê° ëŒ€ë¥™ì€ ëŒ€ë¥™ê°„ì˜ ì„œë¡œ ì„œë¡œ í‰í™”ì  í˜‘ë ¥ë™ë°˜ìê´€ê³„ë¥¼ êµ¬ì¶•í•˜ì—¬ ëª…ì‹¤ê³µíˆ ì´ ì§€êµ¬ì´Œì˜ ì¡´ì¬í•˜ëŠ” ì„¸ìƒë§Œë¬¼ì„ í¸ì•ˆì¼€ í•˜ê³  ì¸ë¥˜í‰í™”ì˜ ì£¼ì¶§ëŒì¸ ì„¸ê³„ ëŒ€ë¥™ë³„í‰í™”ì—°ë°©ì œë¥¼ ì™„ì„±í•´ì•¼ í•©ë‹ˆë‹¤.  2019ë…„  6ì›”  29ì¼  ë™ë°©ì˜ ì˜¨í™”ì„¸ìƒ ì´ì¸ì„­ Lee In Seop.  I bring it to the world leaders including the United Nations.   People of the world!  Let 's get out of the small frame now.   People of the world!  The 21st century is the world center of world peace.  We must face the fact that the century of luck is already approaching a new cycle in the universe.  Now, truly, we have to complete world peace with warlords of all things by the massive humanity restoration movement of the world.  Therefore, we must make flowers of mutual benefit for the coexistence of mankind.  As a result, the United Nations has established a peaceful cooperation partnership between the countries that encompass the political economy, society, and culture centering on the United Nations, and each continent has established a peaceful cooperation partnership with each other on the continents,  We must complete the peace federation system of the world continent which is the cornerstone of human peace.   June 29, 2019   The warming world of the East. Lee In Seop.",2019-06-29T13:15:51+0000,0,,
6_0,866108446820339_2257985394299297,0ed9a2d6062341709e0bfc2b828b630d0099ceb0,â€œWhat is perfection? Youâ€™re going to be constantly going round and round like a hamster in a loop striving for the thing you cannot get.â€ Riyadh K examines body image pressures in the gay community in BBC Three s fantastic â€œQueer Britain.â€ You can watch the episode in full on BBC iPlayer â¤ï¸ğŸ§¡ğŸ’›ğŸ’šğŸ’™ğŸ’œğŸ–¤,2019-06-19T08:43:59+0000,2257985394299297_2258167117614458,da39a3ee5e6b4b0d3255bfef95601890afd80709,0,"I don't think this is an LGBT thing, I think this is a people thing spoken by people of LGBT and I agree with them ğŸ’¯",2019-06-19T11:31:27+0000,0,,
7_0,866108446820339_2255345697896600,0ed9a2d6062341709e0bfc2b828b630d0099ceb0,Absolute babe Olly from Years & Years reminding us all that being sexy isn t reserved for any one gender  sexuality or body.  ğŸ‘ğŸ‘ğŸ‘ğŸ‘,2019-06-17T19:26:59+0000,2255345697896600_2255851704512666,da39a3ee5e6b4b0d3255bfef95601890afd80709,0,He's my favourite x,2019-06-18T02:26:05+0000,0,,
13_0,866108446820339_2249954955102341,0ed9a2d6062341709e0bfc2b828b630d0099ceb0, I was like   Wow  this looks like a bit of art . This is my own artwork. I love my scars now  I m proud of them. It s me - it s part of me.    Love this! Being cast in a film has helped Vicky come to terms with her scars â¤ï¸,2019-06-15T12:00:00+0000,2249954955102341_2251726821591821,da39a3ee5e6b4b0d3255bfef95601890afd80709,0,She's inspiring.   It's a new journey after riding a bad journey for so long,2019-06-15T16:53:33+0000,0,photo,https://www.facebook.com/photo.php?fbid=2272971909438867&set=p.2272971909438867&type=3
13_1,866108446820339_2249954955102341,0ed9a2d6062341709e0bfc2b828b630d0099ceb0, I was like   Wow  this looks like a bit of art . This is my own artwork. I love my scars now  I m proud of them. It s me - it s part of me.    Love this! Being cast in a film has helped Vicky come to terms with her scars â¤ï¸,2019-06-15T12:00:00+0000,2249954955102341_2251349231629580,da39a3ee5e6b4b0d3255bfef95601890afd80709,0,"I hope in the future the directors will put all kinds of people, with scars, with illnesses, diverse people, in their movies and shows as characters.",2019-06-15T12:37:32+0000,0,,
13_2,866108446820339_2249954955102341,0ed9a2d6062341709e0bfc2b828b630d0099ceb0, I was like   Wow  this looks like a bit of art . This is my own artwork. I love my scars now  I m proud of them. It s me - it s part of me.    Love this! Being cast in a film has helped Vicky come to terms with her scars â¤ï¸,2019-06-15T12:00:00+0000,2249954955102341_2252462391518264,da39a3ee5e6b4b0d3255bfef95601890afd80709,0,"ì‚¬ëŒì˜ ì¸ì„±ë„ê°€ ë†’ì€ ì‚¬ëŒì´ ê°€ê¹Œì´ ìˆìœ¼ë©´ ì£¼ìœ„ì˜ ëª¨ë“  ì‚¬ëŒë“¤ì´ í¸ì•ˆí•˜ë‹¤. ê³§ ë¶€ëª¨ì˜ ì¸ì„±ë„ê°€ ë†’ìœ¼ë©´ ê°€ì¡± ì „ì²´ê°€ í¸ì•ˆí•˜ê³  ìŠ¤ìŠ¹ì˜ ì¸ì„±ë„ê°€ ë†’ìœ¼ë©´ í•™ìƒë“¤ ì „ì²´ê°€ í¸ì•ˆí•˜ê³  ì‚¬íšŒ ê° ë¶„ì•¼ ì§€ë„ìì˜ ì¸ì„±ë„ê°€ ë†’ìœ¼ë©´ ì„¸ìƒ ì „ì²´ê°€ í¸ì•ˆí•˜ë‹¤.  If you are close to a person with a high degree of personality, everyone around you is comfortable. If the parent's personality is high, the whole family is comfortable and the personality of the teacher is high. If the whole students are comfortable and the leader of each field of society is high, the whole world is comfortable.  ìœ ì—” ì„¸ê³„ì¸ì„±êµìœ¡ì› ì„¤ë¦½ ì¶”ì§„ìœ„ì›ì¥   Chairperson of UN World Humanity Education Center  * ë™ë°©ì˜ ì˜¨í™”ì„¸ìƒ ì´ì¸ì„­ Lee In Seop *",2019-06-16T03:07:32+0000,0,,
19_0,866108446820339_2240995302664973,0ed9a2d6062341709e0bfc2b828b630d0099ceb0, I was bullied quite badly for being ill. As a result of that  I felt quite terrified of telling anyone. But then I just realised that there s no point in being anything other than what you are.  Meet Ashleigh  the inspirational film-maker shining a light on hidden illness,2019-06-09T16:00:01+0000,2240995302664973_2241805912583912,da39a3ee5e6b4b0d3255bfef95601890afd80709,0,"- ì„¸ê³„ì¸ ëª¨ë‘ëŠ” ì°¸ ì¸ì„±ì˜ ì†Œìœ ìê°€ ë˜ì–´ì•¼ í•©ë‹ˆë‹¤ -  ì¸ê°„ìœ¼ë¡œì„œ ì´ ì„¸ìƒì„ í–¥í•´ ìµœìš°ì„  ë˜ì–´ì•¼ í•¨ì€ ë°”ë¡œ ì œëŒ€ë¡œ ëœ ì¸ê°„ì˜ ì°¸ ì¸ì„±ì„ ì˜¬ë°”ë¡œ ê°–ì¶”ëŠ” ê²ƒì´ë‹¤. ì¸ê°„ìœ¼ë¡œì„œ ì‚¬ëŒì˜ ì¸ì„±ì´ ì˜¬ë°”ë¡œ ì„œì§€ ì•Šìœ¼ë©´ ì§€ì‹ê³¼ ì§€í˜œê°€ ì•„ë¬´ë¦¬ ë›°ì–´ë‚œë‹¤ í•˜ë”ë¼ë„ ì°¸ ì¸ê°„ì´ë¼ í•  ìˆ˜ ì—†ëŠ” ê²ƒì´ë‹¤. ê³§ ì¸ê°„ì˜ ì¸ì„±ì€ ì‚¬ëŒì˜ ì„±í’ˆ ì¦‰ ì‚¬ëŒì˜ ì¸í’ˆ ì‚¬ëŒì˜ í’ˆì„±ì´ê³  ì¸ê°„ì˜ ì¸ê²© ì¦‰ ì‚¬ëŒì˜ í’ˆê²©ì¸ ê²ƒì´ë‹¤.   ì¸ê°„ì€ ìš°ì£¼ ë§Œë¬¼ì˜ ì˜ì¥ìœ¼ë¡œì„œ ëª¨ë“  ë©´ì—ì„œì˜ ë„ë•ì ì¸ ì£¼ì²´ê°€ ë˜ì–´ì•¼ í•œë‹¤. ì´ì— ì§€êµ¬ ì—­ì‚¬ìƒ ë„ë•ì  ì£¼ì²´ë¡œì„œ ì¸ê°„ì„ ë°”ë¥´ê²Œ ê°€ë¥´ì³ ì˜¤ì‹  ì„±ì¸ë“¤ì´ ê³„ì…¨ìœ¼ë‹ˆ ë°”ë¡œ ê³µì, ì„ê°€, ì˜ˆìˆ˜, ë§ˆí˜¸ë©›ì¸ ê²ƒì´ë‹¤. ì´ë¥¸ë°” ì„¸ê³„ ì‚¬ëŒ€ì„±ì¸ì´ë¼ ì¼ì»·ëŠ” ë¶„ë“¤ì¸ ê²ƒì´ë‹¤. ë¬¼ë¡  ê·¸ ì™¸ì—ë„ ìˆ˜ë§ì€ í° ê°€ë¥´ì¹¨ì„ ì£¼ì‹  ë¶„ë“¤ì´ ê³„ì‹  ê²ƒë„ ì‚¬ì‹¤ì´ë‹¤.    ì´ì— ì´ë¥¸ë°” ì‚¬ëŒ€ì„±ì¸ì˜ í° ê°€ë¥´ì¹¨ì„ ì§‘ì•½ì ì¸ ì°¨ì›ì—ì„œ ì—´ê±°í•´ ë³´ë©´ ë¨¼ì € ê³µìì˜ ""ì¸ì˜ì˜ˆì§€ì‹ "" ì„ê°€ì˜ ""ìë¹„ì ì„ "" ì˜ˆìˆ˜ì˜ ""ë°•ì• ì‚¬ë‘"" ë§ˆí˜¸ë©›ì˜ ""í‰í™” í‰ë“± í˜•ì œì• ""ê°€ ê·¸ê²ƒì´ë‹¤. ì„±ì¸ìœ¼ë¡œ ì§€ëª© ë˜ì§€ëŠ” ì•Šì•˜ì§€ë§Œ ë™ì–‘ì˜ ë…¸ìì™€ ì£¼ì ì„œì–‘ì˜ ì†Œí¬ë¼ë°ìŠ¤ì™€ í”Œë¼í†¤ ì´ë¶„ë“¤ ëª¨ë‘ëŠ” ì„±ì¸ì— ë²„ê¸ˆê°€ëŠ” ì¸ë¬¼ë“¤ì´ë‹¤.   ê³§ ì„¸ìƒì˜ ì°¸ ì¸ê°„ìœ¼ë¡œì„œ ì–´ì§Šê³¼ ì˜ë¡œì›€ ì˜ˆì˜ì™€ ì§€í˜œì™€ ì‹ ì˜ë¡œì„œ ì‚´ê³  í•­ìƒ ë”°ëœ»í•œ ì‚¬ë‘ìœ¼ë¡œ ë‚¨ì„ ê°€ì—½ê²Œ ì—¬ê¸°ëŠ” ìë¹„ì‹¬ê³¼ ì„¸ìƒì˜ ëª¨ë‘ë¥¼ ì•„ë¼ê³  ìœ„í•´ì£¼ëŠ” ë”°ëœ»í•œ ë§ˆìŒì˜ ì‚¬ë‘ì‹¬ê³¼ ì„¸ìƒì˜ í˜•ì œë¡œì„œ ì‚¬ë‘ê³¼ í‰ë“±ê³¼ í‰í™”ì˜ ë‚™ì›ìœ¼ë¡œ ë§Œë“¤ì–´ ê°€ë ¤ëŠ” ì„±ì¸ë“¤ì˜ ê°€ë¥´ì¹¨ ì²˜ëŸ¼ ì•„ë¦„ë‹¤ìš´ ì¸ë¥˜ì—­ì‚¬ë¥¼ í¼ì³ ê°€ëŠ”ë° ìš°ë¦¬ ì¸ê°„ ëª¨ë‘ê°€ ì•ì¥ì„œì•¼ í•¨ì€ ë¬¼ë¡ ì´ê³  ê°ì ê°ìëŠ” ì´ì— ëŒ€í•œ ê¸°ë³¸ì  ì£¼ì²´ê°€ ë˜ì–´ì•¼ í•¨ê³¼ ì˜¤ì§ ì¸ê°„ì˜ ì°¸ ì¸ì„± ê³§ ì‚¬ëŒì˜ ì„±í’ˆê³¼ í’ˆì„±ê³¼ ì¸ê²©ì´ ë°”ë¡œì„œëŠ” ì°¸ ì¸ì„±ì˜ ì†Œìœ ìê°€ ë˜ì–´ì•¼ í•˜ëŠ” ê²ƒì´ë‹¤.  ë™ë°© æ±æ–¹ì˜ ì˜¨í™”ì„¸ìƒ æº«å’Œä¸–ä¸Š ì´ì¸ì„­ ï§¡å¯…ç‡® Lee In Seop.",2019-06-10T01:58:09+0000,0,,
21_0,866108446820339_2237407069690463,0ed9a2d6062341709e0bfc2b828b630d0099ceb0,We d like to add  ate lots of chocolate  and  ugly cried at a rom-com  stickers plz ğŸ« Illustration by Gemma Correll,2019-06-07T12:38:25+0000,2237407069690463_2237504159680754,da39a3ee5e6b4b0d3255bfef95601890afd80709,0,Yes. Sarah Lade,2019-06-07T13:39:04+0000,0,,
22_0,866108446820339_2235438409887329,0ed9a2d6062341709e0bfc2b828b630d0099ceb0,For anyone who ever asks   Why is there no straight pride? ,2019-06-06T09:48:16+0000,2235438409887329_2235463756551461,da39a3ee5e6b4b0d3255bfef95601890afd80709,0,Fiona,2019-06-06T10:13:24+0000,0,,
25_1,866108446820339_2226658944098609,0ed9a2d6062341709e0bfc2b828b630d0099ceb0, Having anxiety is probably one of the most lonely  most isolating things to have because you are your own worst enemy and you live inside your head...  All the â¤ï¸ to Nadiya Hussain for being so incredibly open about her experiences. Hopefully her honesty will help any of you who are struggling,2019-06-01T13:00:51+0000,2226658944098609_2267601566671013,da39a3ee5e6b4b0d3255bfef95601890afd80709,0,"Oh my God   Those miserables  that bullied you must be suffering from failure and all sort of pain,  While you are on top  and far away from their misery.  Bless you and keep on on the top",2019-06-24T20:18:18+0000,0,,
25_2,866108446820339_2226658944098609,0ed9a2d6062341709e0bfc2b828b630d0099ceb0, Having anxiety is probably one of the most lonely  most isolating things to have because you are your own worst enemy and you live inside your head...  All the â¤ï¸ to Nadiya Hussain for being so incredibly open about her experiences. Hopefully her honesty will help any of you who are struggling,2019-06-01T13:00:51+0000,2226658944098609_2242969445800892,da39a3ee5e6b4b0d3255bfef95601890afd80709,0,Matty Roberts,2019-06-10T17:54:48+0000,0,,
30_0,866108446820339_2212253018872535,0ed9a2d6062341709e0bfc2b828b630d0099ceb0, If you see me and you re inspired and motivated to create change  that s when I know i ve made a difference in your life.  Steph was told she would never walk or talk. Now she s the world s first crossfit trainer with cerebal palsy ğŸ’ª,2019-05-24T11:30:55+0000,2212253018872535_2214361248661712,da39a3ee5e6b4b0d3255bfef95601890afd80709,1,Claire Leavesley Kitty Cox watch this x,2019-05-24T16:55:58+0000,0,,
30_1,866108446820339_2212253018872535,0ed9a2d6062341709e0bfc2b828b630d0099ceb0, If you see me and you re inspired and motivated to create change  that s when I know i ve made a difference in your life.  Steph was told she would never walk or talk. Now she s the world s first crossfit trainer with cerebal palsy ğŸ’ª,2019-05-24T11:30:55+0000,2212253018872535_2213974858700351,da39a3ee5e6b4b0d3255bfef95601890afd80709,0,Kelly Cox Liam Cox you should show this to Kitty!,2019-05-24T12:00:31+0000,0,,
31_0,866108446820339_2212251028872734,0ed9a2d6062341709e0bfc2b828b630d0099ceb0,Just can t help being too fab for you ğŸ’… Tag your most fabulous friend.  Illustration by Taynee,2019-05-23T17:00:01+0000,2212251028872734_2212989525465551,da39a3ee5e6b4b0d3255bfef95601890afd80709,1,Joanna Taverner-Averkiou love you!!,2019-05-23T19:32:14+0000,0,,
31_1,866108446820339_2212251028872734,0ed9a2d6062341709e0bfc2b828b630d0099ceb0,Just can t help being too fab for you ğŸ’… Tag your most fabulous friend.  Illustration by Taynee,2019-05-23T17:00:01+0000,2212251028872734_2212991142132056,da39a3ee5e6b4b0d3255bfef95601890afd80709,1,,2019-05-23T19:33:52+0000,0,,
31_3,866108446820339_2212251028872734,0ed9a2d6062341709e0bfc2b828b630d0099ceb0,Just can t help being too fab for you ğŸ’… Tag your most fabulous friend.  Illustration by Taynee,2019-05-23T17:00:01+0000,2212251028872734_2213071288790708,da39a3ee5e6b4b0d3255bfef95601890afd80709,1,Nicki Burnett ğŸ˜˜ğŸ˜˜ğŸ˜˜,2019-05-23T20:43:38+0000,0,,
31_4,866108446820339_2212251028872734,0ed9a2d6062341709e0bfc2b828b630d0099ceb0,Just can t help being too fab for you ğŸ’… Tag your most fabulous friend.  Illustration by Taynee,2019-05-23T17:00:01+0000,2212251028872734_2213011715463332,da39a3ee5e6b4b0d3255bfef95601890afd80709,0,Georgie Watson ğŸ¥°,2019-05-23T19:51:58+0000,0,,
31_5,866108446820339_2212251028872734,0ed9a2d6062341709e0bfc2b828b630d0099ceb0,Just can t help being too fab for you ğŸ’… Tag your most fabulous friend.  Illustration by Taynee,2019-05-23T17:00:01+0000,2212251028872734_2213457785418725,da39a3ee5e6b4b0d3255bfef95601890afd80709,0,Bek Cameron,2019-05-24T02:59:32+0000,0,,
31_6,866108446820339_2212251028872734,0ed9a2d6062341709e0bfc2b828b630d0099ceb0,Just can t help being too fab for you ğŸ’… Tag your most fabulous friend.  Illustration by Taynee,2019-05-23T17:00:01+0000,2212251028872734_2213782292052941,da39a3ee5e6b4b0d3255bfef95601890afd80709,0,Laura Carman,2019-05-24T08:54:27+0000,0,,
31_7,866108446820339_2212251028872734,0ed9a2d6062341709e0bfc2b828b630d0099ceb0,Just can t help being too fab for you ğŸ’… Tag your most fabulous friend.  Illustration by Taynee,2019-05-23T17:00:01+0000,2212251028872734_2214480655316438,da39a3ee5e6b4b0d3255bfef95601890afd80709,0,Em Merry ğŸ–¤,2019-05-24T18:39:15+0000,0,,
31_8,866108446820339_2212251028872734,0ed9a2d6062341709e0bfc2b828b630d0099ceb0,Just can t help being too fab for you ğŸ’… Tag your most fabulous friend.  Illustration by Taynee,2019-05-23T17:00:01+0000,2212251028872734_2213020588795778,da39a3ee5e6b4b0d3255bfef95601890afd80709,1,Niemiec Karolina ğŸ‘¸ğŸ¼ğŸ¤³ğŸ¼,2019-05-23T19:59:21+0000,0,,
31_9,866108446820339_2212251028872734,0ed9a2d6062341709e0bfc2b828b630d0099ceb0,Just can t help being too fab for you ğŸ’… Tag your most fabulous friend.  Illustration by Taynee,2019-05-23T17:00:01+0000,2212251028872734_2213039335460570,da39a3ee5e6b4b0d3255bfef95601890afd80709,1,Wiktoria MÃ¼ller emo kween ğŸ–¤,2019-05-23T20:15:56+0000,0,,
31_10,866108446820339_2212251028872734,0ed9a2d6062341709e0bfc2b828b630d0099ceb0,Just can t help being too fab for you ğŸ’… Tag your most fabulous friend.  Illustration by Taynee,2019-05-23T17:00:01+0000,2212251028872734_2213018198796017,da39a3ee5e6b4b0d3255bfef95601890afd80709,0,Wiktoria MÃ¼ller ğŸ’—ğŸ¸,2019-05-23T19:57:39+0000,0,,
35_0,866108446820339_2207801605984343,0ed9a2d6062341709e0bfc2b828b630d0099ceb0,Heading into the week remembering this gem from ICON RuPaul. Tag anyone that needs a reminder to be their fiercest self ğŸ”¥  Tell us below one thing you want to do this week ğŸ‘‡ and remember  #KeepSlaying,2019-05-20T12:58:50+0000,2207801605984343_2241061672658336,da39a3ee5e6b4b0d3255bfef95601890afd80709,0,Jayne Brady,2019-06-09T15:32:25+0000,0,,
39_0,866108446820339_2201720813259089,0ed9a2d6062341709e0bfc2b828b630d0099ceb0,Anxiety is different for all of us. But sitting down and talking about it usually helps so if you re feeling anxious for whatever reason  why not try to find someone to speak to over a cuppa - it might be a slight relief. If you need more support head to www.bbc.co.uk/actionline â¤ï¸ Illustration by Gemma Correll,2019-05-16T16:27:04+0000,2201720813259089_2202079946556509,da39a3ee5e6b4b0d3255bfef95601890afd80709,1,Kirsten Stewart ğŸ˜‚ relatable,2019-05-16T21:43:44+0000,0,,
39_1,866108446820339_2201720813259089,0ed9a2d6062341709e0bfc2b828b630d0099ceb0,Anxiety is different for all of us. But sitting down and talking about it usually helps so if you re feeling anxious for whatever reason  why not try to find someone to speak to over a cuppa - it might be a slight relief. If you need more support head to www.bbc.co.uk/actionline â¤ï¸ Illustration by Gemma Correll,2019-05-16T16:27:04+0000,2201720813259089_2201790916585412,da39a3ee5e6b4b0d3255bfef95601890afd80709,0,Megan Doherty,2019-05-16T17:24:00+0000,0,,
39_2,866108446820339_2201720813259089,0ed9a2d6062341709e0bfc2b828b630d0099ceb0,Anxiety is different for all of us. But sitting down and talking about it usually helps so if you re feeling anxious for whatever reason  why not try to find someone to speak to over a cuppa - it might be a slight relief. If you need more support head to www.bbc.co.uk/actionline â¤ï¸ Illustration by Gemma Correll,2019-05-16T16:27:04+0000,2201720813259089_2201947229903114,da39a3ee5e6b4b0d3255bfef95601890afd80709,1,,2019-05-16T19:35:54+0000,0,,
44_3,866108446820339_2197956433635527,0ed9a2d6062341709e0bfc2b828b630d0099ceb0,Natasha Bird  an editor at fashion magazine Elle  stated  I think the worst dressed lists concept had gone on for too long... I think most of us have recognised that speaking negatively about the way a woman wants to dress herself just doesn t do anything positive for women in society  or in general. ,2019-05-14T09:25:13+0000,2197956433635527_2198856646878839,da39a3ee5e6b4b0d3255bfef95601890afd80709,0,She looks great!,2019-05-14T22:00:16+0000,0,,
44_6,866108446820339_2197956433635527,0ed9a2d6062341709e0bfc2b828b630d0099ceb0,Natasha Bird  an editor at fashion magazine Elle  stated  I think the worst dressed lists concept had gone on for too long... I think most of us have recognised that speaking negatively about the way a woman wants to dress herself just doesn t do anything positive for women in society  or in general. ,2019-05-14T09:25:13+0000,2197956433635527_2199617160136121,da39a3ee5e6b4b0d3255bfef95601890afd80709,1,Niamh Raftery I think she looks incred! And deffo looks so much younger than 32!,2019-05-15T11:12:07+0000,0,,
44_7,866108446820339_2197956433635527,0ed9a2d6062341709e0bfc2b828b630d0099ceb0,Natasha Bird  an editor at fashion magazine Elle  stated  I think the worst dressed lists concept had gone on for too long... I think most of us have recognised that speaking negatively about the way a woman wants to dress herself just doesn t do anything positive for women in society  or in general. ,2019-05-14T09:25:13+0000,2197956433635527_2199618866802617,da39a3ee5e6b4b0d3255bfef95601890afd80709,1,Niamh Raftery thatâ€™s so sad she looks great!,2019-05-15T11:13:46+0000,0,,
44_8,866108446820339_2197956433635527,0ed9a2d6062341709e0bfc2b828b630d0099ceb0,Natasha Bird  an editor at fashion magazine Elle  stated  I think the worst dressed lists concept had gone on for too long... I think most of us have recognised that speaking negatively about the way a woman wants to dress herself just doesn t do anything positive for women in society  or in general. ,2019-05-14T09:25:13+0000,2197956433635527_2199611970136640,da39a3ee5e6b4b0d3255bfef95601890afd80709,0,Louise Donnelly Beth Burrus Jasmine Raine go girl,2019-05-15T11:07:55+0000,0,,
46_1,866108446820339_2196599063771264,0ed9a2d6062341709e0bfc2b828b630d0099ceb0, I m telling my story to try and inspire people to try and find confidence within themselves  to love themselves...   Why this policewoman takes part in beauty pageants.,2019-05-13T12:39:08+0000,2196599063771264_2197101443721026,da39a3ee5e6b4b0d3255bfef95601890afd80709,0,"- ì„¸ìƒì—ëŠ” ë°˜ë“œì‹œ ì˜¨í™”(æº«å’Œ)í•œ ê¸°ìš´(æ°£æ¾)ì´ í•„ìš”í•˜ë‹¤ -             * ê¸°ìš´(æ°£æ¾) : ì–´ë–¤ ì¼ì´ ëŒì•„ê°€ëŠ” í˜•í¸ *   "" ì´ì²´ì  ê¸°ìš´ì´ë€ í•˜ëŠ˜ê³¼ ë•… ì‚¬ì´ì— ê°€ë“ì°¨ì„œ ë§Œë¬¼ì´ ë‚˜ê³  ìë¼ëŠ” í˜ì˜ ê·¼ì›ìœ¼ë¡œ ì‚¬ëŒì˜ ì˜¤ê´€ìœ¼ë¡œ ëŠë¼ê¸°ëŠ” í•˜ë‚˜ ëˆˆì— ë³´ì´ì§€ëŠ” ì•ŠëŠ” ìƒë¬¼ì´ ì‚´ì•„ ì›€ì§ì´ëŠ” í˜ì´ë‹¤ ""  ìš”ì¦˜ ì„¸ìƒì„ ì˜ ëŒì•„ë³´ë©´ ì¸ê°„ì‚¬íšŒì˜ í˜•ì„±ì— ìˆì–´ì„œ ìƒëŒ€ì—ê²Œ ë¨¼ì € í˜‘ë°•ì„ ê°€í•˜ê³  ê·¸ì— ì‘í•´ì˜¤ëŠ” ê²ƒì— í˜‘ìƒì„ í•˜ê³  ê·¸ í˜‘ìƒì— í˜‘ë ¥ì„ í•˜ëŠ” ì²™ í•˜ë©´ì„œ ì€ê·¼íˆ ëŒ“ê°€ë¥¼ ë°”ë¼ëŠ” ë…¼ë¦¬ë¥¼ í´ê°€ëŠ” ì˜ˆê°€ í—ˆë‹¤í•˜ê²Œ ë§ì€ë° ì´ëŠ” ë‹¹ì¥ì—ëŠ” ëˆˆì— ë³´ì´ëŠ” ë“¯ í•˜ë‚˜ ì´ëŠ” ìš°ì£¼ íƒœë™ì˜ ì„­ë¦¬ì—ì„œ ìƒì„±ì‘ìš©ìœ¼ë¡œ íŒŒìƒë˜ëŠ” ì„¸ìƒì˜ ì§„ë¦¬ì  ìˆœë¦¬ì˜ ì´ì¹˜ë¡œ ì‚´í´ë³´ë©´ í¬ê²Œ ì§€ëŠ¥ì ì´ì§€ë„ ëª»í•˜ê³  ì‚¬ëŒì´ ì¸ê°„ìœ¼ë¡œ íƒœì–´ë‚˜ì„œ ì•„ë¬´ê²ƒë„ ëª¨ë¥´ëŠ” ì–´ë¦°ì•„ì´ ë•Œ ì²˜ëŸ¼ ê·¸ì € ì‰½ê²Œ ë³´ì´ëŠ” ëŒ€ë¡œ íƒí•´ë³´ëŠ” íˆ¬ì •ì‹¬ì—ì„œì˜ ì¼ì‹œì  ë°˜ë¡œì˜ ë…¼ë¦¬ë¼ ì¹­í•  ìˆ˜ëŠ” ìˆì„ì§€ ëª¨ë¥´ì§€ë§Œ ì´ëŠ” ì¸ê°„ì‚¬ì˜ ì •(æ­£)ê³¼ ê· (å‡)ì˜ ë…¼ë¦¬ì—ì„œ í¬ê²Œ ì–´ê¸‹ë‚˜ëŠ” ê²ƒì´ë‹¤.   ì´ì— ì ì–´ë„ ì¸ê°„ì´ë€ íƒˆì„ ì“°ê³  ì‚¬ëŒì´ë€ ì´ë¦„ìœ¼ë¡œ ë§Œë¬¼ì˜ ì˜ì¥ìœ¼ë¡œ íƒœì–´ë‚˜ì„œ ìƒë¡œë³‘ì‚¬ì˜ í•œ ê³¼ì •ìœ¼ë¡œ ì„±ì¥í•˜ì—¬ ìœ¼ì “í•œ ì„±ì¸ì´ ë˜ì–´ ë¶€ëª¨ë¥¼ ì„¬ê¸°ë©° ìŠ¤ìŠ¹ì—ì„œ ë°°ìš°ê³  ì¹œêµ¬ë¥¼ ë§Œë“¤ë©° ê°€ì •ì„ ì´ë£¨ê³  ì´ì›ƒì„ ë§Œë“¤ì–´ ì¼í„°ë¥¼ ì°¾ì•„ ì§ì¥ê³¼ ì‚¬íšŒë¥¼ ë§Œë“¤ê³  êµ­ê°€ë¥¼ ë§Œë“¤ì–´ ì„¸ê³„í™”ë¥¼ ì´ë£¨ì–´ ê°€ëŠ” ì°¨ì›ì˜ ê³¼ì •ì—ì„œëŠ” ì´ëŸ¬í•œ ì–´ë¦° ì•„ì´ë“¤ ê°™ì€ ì›ì‹œì ì¸ ìˆ˜ë²•ì„ ì‚¬ìš©í•´ì„œëŠ” ì ˆëŒ€ë¡œ ì•„ë‹ˆë˜ëŠ” ê²ƒì´ë‹¤.   ê·¸ëŸ¼ì—ë„ ë¶ˆêµ¬í•˜ê³  ì•„ì§ê¹Œì§€ í•œë°˜ë„ëŠ” ë¬¼ë¡  ì „ ì§€êµ¬ì´Œì—ì„œ ê°œì¸ê³¼ ê°€ì • ì‚¬íšŒëŠ” ë¬¼ë¡  êµ­ê°€ê°„ì—ë„ ì´ëŸ¬í•œ ìˆ˜ë²•ë“¤ì„ ë™ì›í•˜ëŠ” ì‚¬ë¡€ê°€ ë„ˆë¬´ë‚˜ ë§ìœ¼ë‹ˆ ì´ëŠ” ì¼¤ì½” ì´ ì„¸ìƒ ì–´ë””ì— ë‚´ ë†“ì•„ë„ ì ˆëŒ€ë¡œ ë°”ëŒì§ í•˜ì§€ ëª»í•œ ì¼ì„ì„ ëª¨ë‘ê°€ ê°ì„±í•˜ê³  ìš°ì£¼ì²œì²´ ì§€êµ¬ì´Œ ì„¸ìƒ ë§Œë¬¼ì˜ ì˜ì¥ë‹¤ìš´ ì‚¬ëŒì‚¬ëŠ” ì„¸ìƒì„ ë§Œë“¤ì–´ ê°€ëŠ” ê³¼ì •ì—ì„œ ì£¼ì¸ëœ ì—­í• ì„ ì–´ë–»ê²Œ í•˜ë©´ ëª¨ë“  ì‚¬ëŒë“¤ì´ ë¶ˆí¸í•´í•˜ì§€ ì•Šê³  ì˜ ë”°ë¥´ë©° ë°˜ë°•í•¨ì´ ì—†ì´ ëª¨ë‘ê°€ ììœ ë¡­ê²Œ ìŠ¤ìŠ¤ë¡œ í˜ì„ í•©ì³ê°€ë©° ì„œë¡œ ì„œë¡œ ë§ˆìŒ í¸í•˜ê²Œ ë‚´ì¼ì²˜ëŸ¼ ìƒê°í•˜ëŠ” ì†”ì„ ìˆ˜ë²”ì˜ ì •ì‹ ìœ¼ë¡œ ë‚˜ì„¤ ìˆ˜ ìˆëŠ”ê°€ì— ëŒ€í•˜ì—¬ 21ì„¸ê¸° ì„¸ê³„ì˜ ëª¨ë“  ì§€ë„ìë“¤ì€ ì§€í˜œë¡­ê²Œ ëŒ€ì²˜í•´ ë‚˜ì•„ê°€ì•¼ í•  ê²ƒì´ë‹¤.   ê³§ ìš°ì£¼ë„ í•˜ë‚˜ì´ê³  ì§€êµ¬ë„ í•˜ë‚˜ì´ê³  ì¸ë¥˜ë„ í•˜ë‚˜ì¼ ë¿ì´ë‹¤. ì„¸ê³„ì¸ ëª¨ë‘ëŠ” í•œì¤„ê¸°ì˜ í•œì¡°ìƒì´ê³  í•œí•ì¤„ì´ë©° í•œê°€ì¡±ì´ê³  í•œí˜•ì œì¸ ê²ƒì´ë‹¤. ì´ì œ ì´ ì„¸ìƒì— í¼ì ¸ê°€ëŠ” ë”°ëœ»í•˜ê³  ì˜¨í™”í•œ ê¸°ìš´ìœ¼ë¡œ ë”°ëœ»í•œ ë§ˆìŒì˜ ìƒˆë¡œìš´ ì‹»ì„ í‹°ì›Œ ë”°ëœ»í•˜ê³  ì˜¨í™”í•œ ì„¸ìƒìœ¼ë¡œ ë°”ê¾¸ì–´ ê°€ë©´ì„œ ì´ì— ê±¸ë§ëŠ” ìˆ˜ì¤€ì˜ ì°¨ì›ë†’ì€ ìƒê°ìœ¼ë¡œ ë°”ê¾¸ì–´ ë‚˜ì•„ê°€ë©´ ì´ê²ƒì´ ê³§ ì˜¨ ì¸ë¥˜ê°€ ë°”ë¼ëŠ” ì„¸ê³„ì˜ í‰í™”ì¸ ê²ƒì´ë‹¤. ì˜¤ì§ ì„¸ê³„ì˜ ì˜¨ ì¸ë¥˜ëŠ” ê°™ì€ ë¿Œë¦¬ì˜ ê°™ì€ ì¡°ìƒì´ê³  ê°™ì€ ë¶€ëª¨ì´ë©° ê°™ì€ í˜•ì œì¸ ê²ƒì´ë‹ˆ ì´ë¡œì„œ ì„¸ê³„ì¸ ëª¨ë‘ëŠ” í•­ìƒ í•œë§ˆì„ í•œê°€ì¡± í•œí˜•ì œ í•œë‚˜ë¼ì˜ ê°œë…ìœ¼ë¡œ ììœ ë¡­ê³  í‰í™”ë¡œìš´ ì„¸ìƒì—ì„œ ììì†ì† ì‚´ì•„ê°€ì•¼ í•˜ëŠ” ê²ƒì´ë‹¤.  ë™ë°© æ±æ–¹ì˜ ì˜¨í™”ì„¸ìƒ æº«å’Œä¸–ä¸Š ì´ì¸ì„­ ï§¡å¯…ç‡® Lee In Seop.",2019-05-13T19:17:28+0000,0,,
47_0,866108446820339_2196352743795896,0ed9a2d6062341709e0bfc2b828b630d0099ceb0,It s WEEK TWO of our 30 Day Mental Wellness Challenge with Gina Martin and Dr Zoe Williams. Week Two is about being ACTIVE. Head to our Insta stories for daily tips and insights to help you improve your mental wellness and also check out our highlights for any of Gina s videos you might have missedâ¤ï¸,2019-05-13T08:51:01+0000,2196352743795896_2197148427049661,da39a3ee5e6b4b0d3255bfef95601890afd80709,0,Does anyone have the list of the 30 activities/challenges I can't find them on the website or Facebook. I don't have Instagram,2019-05-13T19:59:56+0000,0,,
48_0,866108446820339_2193236900774147,0ed9a2d6062341709e0bfc2b828b630d0099ceb0,Going out with no make up is literally not an option for some  with it causing depression and anxiety in others. That s how it was for Abbie with her acne. Now as part of Abbieâ€™s acne journey she is embracing her natural glow  by going for a night out for the first time without any make-up. ğŸ‘ğŸ˜,2019-05-11T10:37:46+0000,2193236900774147_2193889747375529,da39a3ee5e6b4b0d3255bfef95601890afd80709,0,Beautiful ğŸ¥°,2019-05-11T18:45:53+0000,0,,
50_2,866108446820339_2188689924562178,0ed9a2d6062341709e0bfc2b828b630d0099ceb0,#HeroOfTheWeek is Halima Aden. Halima is the first hijab-wearing model to walk international runways & to be signed to a major label AND last week became the first woman to wear a hijab & burkini on the cover of Sports Illustrated. Talk about smashing down all those barriers ğŸ™Œ https://www.bbc.co.uk/news/48071948,2019-05-08T12:07:11+0000,2188689924562178_2188807287883775,da39a3ee5e6b4b0d3255bfef95601890afd80709,1,"Each to her own point of view. I don't see objectification as empowering, however diverse it becomes!",2019-05-08T13:42:10+0000,0,,
50_4,866108446820339_2188689924562178,0ed9a2d6062341709e0bfc2b828b630d0099ceb0,#HeroOfTheWeek is Halima Aden. Halima is the first hijab-wearing model to walk international runways & to be signed to a major label AND last week became the first woman to wear a hijab & burkini on the cover of Sports Illustrated. Talk about smashing down all those barriers ğŸ™Œ https://www.bbc.co.uk/news/48071948,2019-05-08T12:07:11+0000,2188689924562178_2189816804449490,da39a3ee5e6b4b0d3255bfef95601890afd80709,1,"Lea Marie Do you know the history and practice of the burka and hijab? If not, you probably should look it up.",2019-05-09T05:18:00+0000,0,,
50_5,866108446820339_2188689924562178,0ed9a2d6062341709e0bfc2b828b630d0099ceb0,#HeroOfTheWeek is Halima Aden. Halima is the first hijab-wearing model to walk international runways & to be signed to a major label AND last week became the first woman to wear a hijab & burkini on the cover of Sports Illustrated. Talk about smashing down all those barriers ğŸ™Œ https://www.bbc.co.uk/news/48071948,2019-05-08T12:07:11+0000,2188689924562178_2197100440387793,da39a3ee5e6b4b0d3255bfef95601890afd80709,1,"I do know the history, yes.  Do you know that many women wear them for their own reasons, away from the ideas of oppression? If not, you should probably look it up.",2019-05-13T19:16:29+0000,0,,
50_6,866108446820339_2188689924562178,0ed9a2d6062341709e0bfc2b828b630d0099ceb0,#HeroOfTheWeek is Halima Aden. Halima is the first hijab-wearing model to walk international runways & to be signed to a major label AND last week became the first woman to wear a hijab & burkini on the cover of Sports Illustrated. Talk about smashing down all those barriers ğŸ™Œ https://www.bbc.co.uk/news/48071948,2019-05-08T12:07:11+0000,2188689924562178_2197129383718232,da39a3ee5e6b4b0d3255bfef95601890afd80709,1,Lea Marie I've heard the argument that it's a choice and that argument is completely devoid of the historical context of what hijab and burka are. It also ignores social and cultural pressures to making this choice. Is it really a choice when your entire community might ostracize you for not wearing it?,2019-05-13T19:42:11+0000,0,,
50_7,866108446820339_2188689924562178,0ed9a2d6062341709e0bfc2b828b630d0099ceb0,#HeroOfTheWeek is Halima Aden. Halima is the first hijab-wearing model to walk international runways & to be signed to a major label AND last week became the first woman to wear a hijab & burkini on the cover of Sports Illustrated. Talk about smashing down all those barriers ğŸ™Œ https://www.bbc.co.uk/news/48071948,2019-05-08T12:07:11+0000,2188689924562178_2197130227051481,da39a3ee5e6b4b0d3255bfef95601890afd80709,1,I'm guessing you also don't know why most fundamentalist Muslims require women to wear it. This is actually how liberal Muslims in the west justify it as well.,2019-05-13T19:43:01+0000,0,,
50_8,866108446820339_2188689924562178,0ed9a2d6062341709e0bfc2b828b630d0099ceb0,#HeroOfTheWeek is Halima Aden. Halima is the first hijab-wearing model to walk international runways & to be signed to a major label AND last week became the first woman to wear a hijab & burkini on the cover of Sports Illustrated. Talk about smashing down all those barriers ğŸ™Œ https://www.bbc.co.uk/news/48071948,2019-05-08T12:07:11+0000,2188689924562178_2197259620371875,da39a3ee5e6b4b0d3255bfef95601890afd80709,1,"I shan't waste my time responding to your assumptions regarding my knowledge.   Whilst I fully understand and appreciate the potential of inherent internalised oppression of wearing hijab and burka, I feel it more important to follow the thoughts of the women that wear them, and their reasons for doing so.  You're clearly an intelligent and well read man, and I absolutely respect that, however the fact remains that you are a man that does not wear these items, and therefore your voice should not be louder or cancel out the voices of those women that do wear hijab and burka for their own reasons.",2019-05-13T21:47:58+0000,0,,
50_11,866108446820339_2188689924562178,0ed9a2d6062341709e0bfc2b828b630d0099ceb0,#HeroOfTheWeek is Halima Aden. Halima is the first hijab-wearing model to walk international runways & to be signed to a major label AND last week became the first woman to wear a hijab & burkini on the cover of Sports Illustrated. Talk about smashing down all those barriers ğŸ™Œ https://www.bbc.co.uk/news/48071948,2019-05-08T12:07:11+0000,2188689924562178_2189281767836327,da39a3ee5e6b4b0d3255bfef95601890afd80709,1,Georgie Adamson I donâ€™t get it,2019-05-08T20:34:33+0000,0,,
50_12,866108446820339_2188689924562178,0ed9a2d6062341709e0bfc2b828b630d0099ceb0,#HeroOfTheWeek is Halima Aden. Halima is the first hijab-wearing model to walk international runways & to be signed to a major label AND last week became the first woman to wear a hijab & burkini on the cover of Sports Illustrated. Talk about smashing down all those barriers ğŸ™Œ https://www.bbc.co.uk/news/48071948,2019-05-08T12:07:11+0000,2188689924562178_2197300613701109,da39a3ee5e6b4b0d3255bfef95601890afd80709,1,I can see that.,2019-05-13T22:28:53+0000,0,,
50_13,866108446820339_2188689924562178,0ed9a2d6062341709e0bfc2b828b630d0099ceb0,#HeroOfTheWeek is Halima Aden. Halima is the first hijab-wearing model to walk international runways & to be signed to a major label AND last week became the first woman to wear a hijab & burkini on the cover of Sports Illustrated. Talk about smashing down all those barriers ğŸ™Œ https://www.bbc.co.uk/news/48071948,2019-05-08T12:07:11+0000,2188689924562178_2188814101216427,da39a3ee5e6b4b0d3255bfef95601890afd80709,0,"Celebrating something that is oppressive to women in the modern age is not something to applaud. Women are dying and being jailed and abused for the fight against such control and oppression. Wake up.  â€ªThe hijab,burqa & niqab should be banned forever. They r not comparable with western or modern civilised tolerant societies They are exclusionary,misogynistic ,segregating & debilitating -I canâ€™t even say they belong in the dark ages because they were only brought in the 70sâ€¬  Think of a beautiful day... fresh light breeze.... warm sun... bright blue shy.... white fluffy cloudszzz and you are walking on the beach or across the fields.... sun on your face, wind through your hair and against your skin.... the warmth from the rays warming your skin....  Legs in shorts- t shirt flapping in the breeze- hair flowing.  How amazing that feels   Now think about that same beautiful day and imagine wearing a full blown niqab. Black. To the floor. Head and face and arms all covered. Just slits for your eyes. Still feel the glorious elements? Still feel exhilarated. Still free? Or just the hijab with your hair restricted the sun hot on your head- your neck hot.  .You feel burdened- heavy- restricted- suffocated- overwhelmed.   Or the feel of rain on your skin or the refreshing cool sea. Bs wearing a full blown wetsuit that feels damp and heavy and restrictive .  All the while your partner gets the freedom to choose whatever he wishes   Which would you choose.   Exactly  Imagine doing the commute in one Doing the groceries The school run  There is not one rational argument for this modern day slave chain   The fact that some argue for its existence and the â€œrightâ€ for women to â€œchooseâ€ this garment whilst others are tortured or murdered over it and how communities enslaved by Isis are when liberated throw off these garments and burn them- shows just how lost the world has become and how naively stupid and how we have gone too far the way of liberalism we can no longer see the truth right in front of us .  Follow brave heroic women like Yasmine Mohammed orMasih Alinejad. Then you will learn.",2019-05-08T13:47:01+0000,0,,
51_0,866108446820339_2181251901972647,0ed9a2d6062341709e0bfc2b828b630d0099ceb0,Did you know CONNECTing with people can genuinely improve your mental wellbeing? We ve created the Body Positive 30 Day #MentalWellnessChallenge with daily tips and insights from Dr Zoe Williams to help you improve your mental wellness.,2019-05-06T08:00:01+0000,2181251901972647_2185536448210859,pageowner,0,Head over to our Instagram to get started today â¤ï¸,2019-05-06T08:05:34+0000,0,,
52_0,866108446820339_2181190861978751,0ed9a2d6062341709e0bfc2b828b630d0099ceb0, Anyone who has a visible difference is so much more than their visible difference . ğŸ™ŒğŸ™ŒğŸ™Œ Wise words â¤ï¸,2019-05-05T11:30:08+0000,2181190861978751_2193678024063368,da39a3ee5e6b4b0d3255bfef95601890afd80709,0,ğŸ’šğŸ’šğŸ’š,2019-05-11T15:53:52+0000,0,,
52_1,866108446820339_2181190861978751,0ed9a2d6062341709e0bfc2b828b630d0099ceb0, Anyone who has a visible difference is so much more than their visible difference . ğŸ™ŒğŸ™ŒğŸ™Œ Wise words â¤ï¸,2019-05-05T11:30:08+0000,2181190861978751_2184205981677239,da39a3ee5e6b4b0d3255bfef95601890afd80709,0,Smart girl!,2019-05-05T11:38:22+0000,0,,
55_0,866108446820339_2179142015516969,0ed9a2d6062341709e0bfc2b828b630d0099ceb0,The skinny jean struggle is REAL ğŸ˜‚ Way more exhausting than cardio any day. Who knows what we re talking about? Illustration byGemma Correll,2019-05-02T09:08:49+0000,2179142015516969_2180919638672540,pageowner,1,ğŸ˜‚ğŸ˜‚ğŸ˜‚,2019-05-03T12:37:56+0000,0,,